{
	"cent": [
		[447.5337449,44.91440329],
		[656.9667795,185.9123347]
	],
	"num": 2
}
