{
	"cent": [75.10593428,221.5014713],
	"num": 1
}
