{
	"cent": [136.1713278,470.5371956],
	"num": 1
}
